{
	"format_version": "1.8.0",
	"animations": {
		"animation.tablet.open": {
			"animation_length": 1,
			"bones": {
				"monitor": {
					"rotation": {
						"0.0": {
							"vector": [0, 0, 0]
						},
						"0.2083": {
							"vector": [0, 0, 0]
						},
						"0.4167": {
							"vector": [0, 0, 0]
						},
						"0.5": {
							"vector": [0, 0, 0]
						},
						"0.5833": {
							"vector": [0.16058, -1.29799, 4.41262],
							"easing": "easeInOutSine"
						},
						"0.625": {
							"vector": [0.81999, -0.13349, 2.79805]
						},
						"0.8333": {
							"vector": [2.12911, 0.05683, -4.5854]
						},
						"1.0": {
							"vector": [0, 0, 0],
							"easing": "easeInQuad"
						}
					},
					"position": {
						"0.0": {
							"vector": [0, 0, 0]
						},
						"0.2083": {
							"vector": [0, 2.69, -8.93]
						},
						"0.4167": {
							"vector": [0.09, 3.41, -9.91]
						},
						"0.5": {
							"vector": [0.14, 3.47, -9.94]
						},
						"0.5833": {
							"vector": [-1, 3.48, -10],
							"easing": "easeOutCubic"
						},
						"0.625": {
							"vector": [-1.5, 4.48, -9]
						},
						"0.7083": {
							"vector": [0.49, 4.52, -7.51]
						},
						"0.8333": {
							"vector": [1.04, 4.53, -5.82],
							"easing": "easeOutCubic"
						},
						"1.0": {
							"vector": [0, 6, 3],
							"easing": "easeInSine"
						}
					}
				},
				"right": {
					"rotation": {
						"0.0": {
							"vector": [-66.78235, -18.60991, 5.69867]
						},
						"0.4167": {
							"vector": [-19.77821, -19.25029, -9.99032],
							"easing": "easeOutCubic"
						},
						"0.5417": {
							"vector": [-19.77821, -19.25029, -9.99032],
							"easing": "easeOutCubic"
						},
						"0.625": {
							"vector": [-31.34987, -6.29433, -11.88115],
							"easing": "easeInSine"
						},
						"0.8333": {
							"vector": [-38.26977, -26.63034, 3.38733]
						},
						"1.0": {
							"vector": [-45.76977, -26.63034, 3.38733]
						}
					},
					"position": {
						"0.0": {
							"vector": [-2, -10, -8]
						},
						"0.5": {
							"vector": [-2, -0.8, -13],
							"easing": "easeOutCubic"
						},
						"0.5417": {
							"vector": [-2, -0.8, -13],
							"easing": "easeOutCubic"
						},
						"0.625": {
							"vector": [-2, -0.8, -11]
						},
						"0.8333": {
							"vector": [-3, -2.8, -9],
							"easing": "easeInOutCubic"
						},
						"1.0": {
							"vector": [-3, -2.8, -3]
						}
					}
				},
				"left": {
					"rotation": {
						"0.0": {
							"vector": [-32.1423, -47.72649, -67.37095]
						},
						"0.4583": {
							"vector": [27.48512, -12.88986, -100.87257],
							"easing": "easeInOutExpo"
						},
						"0.5417": {
							"vector": [-6.76856, -8.85139, -99.45084],
							"easing": "easeInQuad"
						},
						"0.75": {
							"vector": [27.48512, -12.88986, -100.87257],
							"easing": "easeOutCubic"
						},
						"0.8333": {
							"vector": [-9.59136, -9.99067, -78.09912]
						},
						"1.0": {
							"vector": [-27.04689, -49.20838, -68.66368]
						}
					},
					"position": {
						"0.0": {
							"vector": [3, -9, -5]
						},
						"0.2917": {
							"vector": [1.67, 1, -11],
							"easing": "easeInOutCubic"
						},
						"0.5417": {
							"vector": [1, 3, -11]
						},
						"0.8333": {
							"vector": [2, 2, -7]
						},
						"1.0": {
							"vector": [2, -4, -3]
						}
					}
				},
				"screen": {
					"position": {
						"0.0": {
							"vector": [0, 0, 0.1]
						},
						"0.5": {
							"vector": [0, 0, 0.1],
							"easing": "step"
						},
						"0.5417": {
							"vector": [0, 0, -0.05],
							"easing": "step"
						},
						"0.5833": {
							"vector": [0, 0, 0.05],
							"easing": "step"
						},
						"0.6667": {
							"vector": [0, 0, -0.05],
							"easing": "step"
						},
						"0.7083": {
							"vector": [0, 0, -0.05],
							"easing": "step"
						},
						"0.7917": {
							"vector": [0, 0, 0.1],
							"easing": "step"
						},
						"0.8333": {
							"vector": [0, 0, -0.05],
							"easing": "step"
						},
						"1.0": {
							"vector": [0, 0, -0.05],
							"easing": "step"
						}
					}
				}
			}
		}
	}
}